PK_TipoRespuesta,significado
2,No
1,Si
9,Material prefabricado
4,"Bloque, ladrillo, piedra, madera pulida"
5,"Tapia pisada, adobe"
7,Bahareque sin revocar
6,Bahareque revocado
11,"Zinc, tela, lona, cartón, latas, desechos, plástico"
8,"Madera burda, tabla, tablón"
10,"Guadua, caña, esterilla, otro vegetal"
16,"Baldosa, vinilo, tableta, ladrillo, laminado o flotante"
17,"Madera burda, tabla o tablón, otro vegetal"
14,"Madera pulida y lacada, parqué"
18,"Cemento, gravilla"
19,"Tierra, arena"
15,Mármol
13,Alfombra o tapete de pared a pared
99,No sabe/ No responde
